reward,clicks,β_term,β_click,θ_term,ε
0.02478,0.006722,5.0,5.0,-1.0,0.0
13.511415,4.746132,5.0,5.0,4.0,0.0
15.358835,5.807191,5.0,5.0,9.0,0.0
16.75773,7.520614,5.0,5.0,14.0,0.0
17.30366,8.952967,5.0,5.0,19.0,0.0
17.528835,10.786098,5.0,5.0,24.0,0.0
17.564475,12.868454,5.0,5.0,29.0,0.0
